<?xml version="1.0" encoding="UTF-8"?>
<project-private xmlns="http://www.netbeans.org/ns/project-private/1">
    <editor-bookmarks xmlns="http://www.netbeans.org/ns/editor-bookmarks/2" lastBookmarkId="0"/>
    <open-files xmlns="http://www.netbeans.org/ns/projectui-open-files/2">
        <group>
            <file>file:/C:/Users/mkami/Desktop/UMS/University-Management-System-master/University%20Management%20System/src/university/management/system/AddStudent.java</file>
            <file>file:/C:/Users/mkami/Desktop/UMS/University-Management-System-master/University%20Management%20System/src/university/management/system/EnterMarks.java</file>
            <file>file:/C:/Users/mkami/Desktop/UMS/University-Management-System-master/University%20Management%20System/src/university/management/system/StudentAttendanceDetail.java</file>
            <file>file:/C:/Users/mkami/Desktop/UMS/University-Management-System-master/University%20Management%20System/src/university/management/system/Project.java</file>
            <file>file:/C:/Users/mkami/Desktop/UMS/University-Management-System-master/University%20Management%20System/src/university/management/system/StudentDetails.java</file>
            <file>file:/C:/Users/mkami/Desktop/UMS/University-Management-System-master/University%20Management%20System/src/university/management/system/Admin_Portal.java</file>
            <file>file:/C:/Users/mkami/Desktop/UMS/University-Management-System-master/University%20Management%20System/src/university/management/system/AddTeacher.java</file>
            <file>file:/C:/Users/mkami/Desktop/UMS/University-Management-System-master/University%20Management%20System/src/university/management/system/conn.java</file>
            <file>file:/C:/Users/mkami/Desktop/UMS/University-Management-System-master/University%20Management%20System/src/university/management/system/AboutUs.java</file>
            <file>file:/C:/Users/mkami/Desktop/UMS/University-Management-System-master/University%20Management%20System/src/university/management/system/user_login.java</file>
            <file>file:/C:/Users/mkami/Desktop/UMS/University-Management-System-master/University%20Management%20System/src/university/management/system/ExaminationDetails.java</file>
            <file>file:/C:/Users/mkami/Desktop/UMS/University-Management-System-master/University%20Management%20System/src/university/management/system/Marks.java</file>
            <file>file:/C:/Users/mkami/Desktop/UMS/University-Management-System-master/University%20Management%20System/src/university/management/system/RegistrationForm.java</file>
            <file>file:/C:/Users/mkami/Desktop/UMS/University-Management-System-master/University%20Management%20System/src/university/management/system/AAA.java</file>
            <file>file:/C:/Users/mkami/Desktop/UMS/University-Management-System-master/University%20Management%20System/src/university/management/system/user_project.java</file>
        </group>
    </open-files>
</project-private>
